SIF001,Stark vs Lannister Starter Set,https://www.coolminiornot.com/shop/a-song-of-ice-and-fire-tabletop-miniatures-game-stark-vs-lannister-2-player-starter-set.html,
SIF002,Night's Watch Starter Set,https://www.coolminiornot.com/shop/a-song-of-ice-and-fire-tabletop-miniatures-game-night-s-watch-starter-set.html,
SIF101,Stark Sworn Swords,https://www.coolminiornot.com/shop/a-song-of-ice-fire-tabletop-miniatures-game-stark-sworn-swords.html,
SIF102,Stark Outriders,https://www.coolminiornot.com/shop/a-song-of-ice-and-fire-tabletop-miniatures-game-stark-outriders.html,
SIF103,Umber Berserkers,https://www.coolminiornot.com/shop/stark-umber-berserkers.html,
SIF104,Umber Greataxes,https://www.coolminiornot.com/shop/stark-umber-greataxes.html,
SIF105,Tully Sworn Shields,https://www.coolminiornot.com/shop/a-song-of-ice-and-fire-tabletop-miniatures-game-tully-sworn-shields.html,
SIF106,Stark Bowmen,https://www.coolminiornot.com/shop/a-song-of-ice-fire-tabletop-miniatures-game-stark-bowmen.html,
SIF109,Stark Heroes #1,https://www.coolminiornot.com/shop/a-song-of-ice-fire-tabletop-miniatures-game-stark-heroes-1.html,
SIF201,Lannister Guardsmen,https://www.coolminiornot.com/shop/a-song-of-ice-fire-tabletop-miniatures-game-lannister-guardsmen.html,
SIF202,Lannister Halberdiers,https://www.coolminiornot.com/shop/a-song-of-ice-and-fire-tabletop-miniatures-game-lannister-halberdiers.html,
SIF203,The Mountain's Men,https://www.coolminiornot.com/shop/lannister-mountain-s-men.html,
SIF204,Pyromancers,https://www.coolminiornot.com/shop/lannister-pyromancers.html,
SIF205,Knights of Casterly Rock,https://www.coolminiornot.com/shop/a-song-of-ice-fire-tabletop-miniatures-game-knights-of-casterly-rock.html,
SIF206,Lannister Crossbowmen,https://www.coolminiornot.com/shop/a-song-of-ice-fire-tabletop-miniatures-game-lannister-crossbowmen.html,
SIF209,Lannister Heroes #1,https://www.coolminiornot.com/shop/a-song-of-ice-fire-tabletop-miniatures-game-lannister-heroes-1.html,
SIF301,Sworn Brothers,https://www.coolminiornot.com/shop/a-song-of-ice-and-fire-tabletop-miniatures-game-night-s-watch-sworn-brothers.html,
SIF305,Ranger Hunters,https://www.coolminiornot.com/shop/a-song-of-ice-and-fire-tabletop-miniatures-game-night-s-watch-ranger-hunters-unit-box.html,
SIF501,Bolton Cutthroats,https://www.coolminiornot.com/shop/bolton-cutthroats.html,
SIF502,Bolton Bastard's Girls,https://www.coolminiornot.com/shop/bolton-bastard-s-girls.html,
SIF503,Bolton Flayed Men,https://www.coolminiornot.com/shop/bolton-flayed-men.html,
SIF505,Neutral Heroes #1,https://www.coolminiornot.com/shop/a-song-of-ice-fire-tabletop-miniatures-game-neutral-heroes-1.html,
SIFKS001,Hand of the King,,
SIFKS019,Champion of the Faith,,
SIFKS021,Dreadfort Captain,,
SIF003,Free Folk Starter Set,https://www.coolminiornot.com/shop/a-song-of-ice-and-fire-tabletop-miniatures-game-free-folk-starter-set,20190125
SIF405,Spearwives,https://www.coolminiornot.com/shop/a-song-of-ice-and-fire-tabletop-miniatures-game-spearwives,20190125
SIF401,Free Folk Raiders,https://www.coolminiornot.com/shop/a-song-of-ice-and-fire-tabletop-miniatures-game-free-folk-raiders.html,20190222
SIF406,Savage Giants,https://www.coolminiornot.com/shop/a-song-of-ice-and-fire-tabletop-miniatures-game-free-folk-savage-giants-unit-box,20190222
SIF107,Crannogman Trackers,https://www.coolminiornot.com/shop/a-song-of-ice-and-fire-tabletop-miniatures-game-crannogman-trackers,20190222
SIF306,Scorpion Weapon Crew,https://www.coolminiornot.com/shop/a-song-of-ice-and-fire-tabletop-miniatures-game-night-s-watch-builder-scorpion-crew,20190222
SIF110,Stark Heroes #2,https://cmon.com/news/webstore-closed-for-renovations,20190329
SIF207,Warrior's Sons,https://cmon.com/news/webstore-closed-for-renovations,20190329
SIF210,Lannister Heroes #2,https://cmon.com/news/webstore-closed-for-renovations,20190329
SIF408,Cave Dweller Savages,https://cmon.com/news/webstore-closed-for-renovations,20190329
SIF308,Conscripts,https://cmon.com/news/webstore-closed-for-renovations,20190426
SIF403,Free Folk Trappers,https://cmon.com/news/webstore-closed-for-renovations,20190426
SIF302,Ranger Trackers,https://cmon.com/news/webstore-closed-for-renovations,20190531
SIF303,Veterans of the Watch,https://cmon.com/news/webstore-closed-for-renovations,20190531
SIF309,Night's Watch Heroes #1,https://cmon.com/news/webstore-closed-for-renovations,20190531
SIF409,Free Folk Heroes #1,https://cmon.com/news/webstore-closed-for-renovations,20190531
SIF407,Followers of Bone,https://cmon.com/news/webstore-closed-for-renovations,20190531
SIF008,Baratheon Starter Set,https://cmon.com/news/webstore-closed-for-renovations,20190801